,0,1,2,3,4,5,6,7,8,9,10,11
0,,,,,,,,,,Yr. to Yr.,,
1,,,,,,,,Percent/,,,,
2,(Dollars in millions),,,,,,,,Margin,,,
3,For the nine months ended September 30,,2013,,2012,,Change,,,,,
4,"System
  and Technology",,,,,,,,,,,
5,"External
  gross profit",,,"3,475",,,"4,363",,,(20.4),,
6,"External
  gross profit margin",,,34.4,,,36.7,,,(2.3),pts.,
7,"Pre-tax
  income",,,(713),,,253,,,nm,,
8,"Pre-tax
  margin",,,(6.8),,,2.0,,,(8.8),pts.,
9,,,,,,,,,,,,
10,nm - not meaningful,,,,,,,,,,,
11,,,,,,,,,,,,
