,0,1,2,3,4,5,6,7,8,9,10,11
0,,,,,,,,,,Yr. to Yr.,,
1,,,,,,,,,,Percent,,
2,For the nine months ended September 30,,2013,,2012,,Change,,,,,
3,"Earnings
  per share of common stock",,,,,,,,,,,
4,"Assuming
  dilution",,,9.27,,,9.27,,,0.0,,
5,Basic,,,9.35,,,9.38,,,(0.3),,
6,"Diluted
  operating (non-GAAP)",,,10.21,,,9.90,,,3.1,,
7,"Weighted-average
  shares outstanding (in millions)",,,,,,,,,,,
8,"Assuming
  dilution",,,"1,110.7",,,"1,161.8",,,(4.4),,
9,Basic,,,"1,101.8",,,"1,148.4",,,(4.1),,
10,,,,,,,,,,,,
